{
    "prepare_queue": {
        "installed": [],
        "uninstalled": []
    },
    "config_munge": {
        "files": {
            "res/xml/config.xml": {
                "parents": {
                    "/*": [
                        {
                            "xml": "<feature name=\"InAppBrowser\"><param name=\"android-package\" value=\"org.apache.cordova.inappbrowser.InAppBrowser\" /></feature>",
                            "count": 1
                        },
                        {
                            "xml": "<feature name=\"Whitelist\"><param name=\"android-package\" value=\"org.apache.cordova.whitelist.WhitelistPlugin\" /><param name=\"onload\" value=\"true\" /></feature>",
                            "count": 1
                        }
                    ]
                }
            }
        }
    },
    "installed_plugins": {
        "cordova-plugin-inappbrowser": {
            "PACKAGE_NAME": "io.cordova.myapp3ed29b"
        },
        "cordova-plugin-whitelist": {
            "PACKAGE_NAME": "io.cordova.myapp3ed29b"
        }
    },
    "dependent_plugins": {},
    "modules": [
        {
            "id": "cordova-plugin-inappbrowser.inappbrowser",
            "file": "plugins/cordova-plugin-inappbrowser/www/inappbrowser.js",
            "pluginId": "cordova-plugin-inappbrowser",
            "clobbers": [
                "cordova.InAppBrowser.open",
                "window.open"
            ]
        }
    ],
    "plugin_metadata": {
        "cordova-plugin-inappbrowser": "1.5.0",
        "cordova-plugin-whitelist": "1.3.0"
    }
}